[
  {
    "name": "数学",
    "target_score": 90.0,
    "current_score": 70.0,
    "priority": 0.14444444444444446
  },
  {
    "name": "数学复习",
    "target_score": 100.0,
    "current_score": 80.0,
    "priority": 0.14
  },
  {
    "name": "英语复习",
    "target_score": 90.0,
    "current_score": 60.0,
    "priority": 0.2
  },
  {
    "name": "英语考试复习",
    "target_score": 85,
    "current_score": 65,
    "priority": 0.14705882352941177
  },
  {
    "name": "英语考试复习",
    "target_score": 85,
    "current_score": 65,
    "priority": 0.14705882352941177
  },
  {
    "name": "数学考试复习",
    "target_score": 90,
    "current_score": 70,
    "priority": 0.14444444444444446
  },
  {
    "name": "英语考试复习",
    "target_score": 85,
    "current_score": 65,
    "priority": 0.14705882352941177
  },
  {
    "name": "物理考试复习",
    "target_score": 95,
    "current_score": 60,
    "priority": 0.22894736842105262
  },
  {
    "name": "数学考试复习",
    "target_score": 90,
    "current_score": 70,
    "priority": 0.14444444444444446
  },
  {
    "name": "英语考试复习",
    "target_score": 85,
    "current_score": 65,
    "priority": 0.14705882352941177
  },
  {
    "name": "物理考试复习",
    "target_score": 95,
    "current_score": 60,
    "priority": 0.22894736842105262
  },
  {
    "name": "数学考试复习",
    "target_score": 90,
    "current_score": 70,
    "priority": 0.14444444444444446
  },
  {
    "name": "英语考试复习",
    "target_score": 85,
    "current_score": 65,
    "priority": 0.14705882352941177
  },
  {
    "name": "物理考试复习",
    "target_score": 95,
    "current_score": 60,
    "priority": 0.22894736842105262
  },
  {
    "name": "数学考试复习",
    "target_score": 90,
    "current_score": 70,
    "priority": 0.14444444444444446
  },
  {
    "name": "英语考试复习",
    "target_score": 85,
    "current_score": 65,
    "priority": 0.14705882352941177
  },
  {
    "name": "数学考试复习",
    "target_score": 90,
    "current_score": 70,
    "priority": 0.14444444444444446
  },
  {
    "name": "英语考试复习",
    "target_score": 85,
    "current_score": 65,
    "priority": 0.14705882352941177
  },
  {
    "name": "物理考试复习",
    "target_score": 95,
    "current_score": 60,
    "priority": 0.22894736842105262
  }
]