{
  "805ecefa-8242-406d-b085-37c757ca03bf": {
    "schedule_id": "805ecefa-8242-406d-b085-37c757ca03bf",
    "name": "学",
    "start_time": "2025-06-20T08:00:00",
    "end_time": "2025-06-20T09:00:00",
    "content": "08:00开始数学考试60分钟",
    "recurrence_type": "none",
    "recurrence_interval": 1,
    "recurrence_end_date": null,
    "recurrence_count": null,
    "completed": false
  },
  "e662e1d2-51e4-4ee0-ab29-3a5c5a18ebdb": {
    "schedule_id": "e662e1d2-51e4-4ee0-ab29-3a5c5a18ebdb",
    "name": "复习",
    "start_time": "2025-06-05T09:00:00",
    "end_time": "2025-06-05T10:00:00",
    "content": "物理考试复习 09:00-10:00",
    "recurrence_type": "none",
    "recurrence_interval": 1,
    "recurrence_end_date": null,
    "recurrence_count": null,
    "completed": false
  },
  "eb8500f7-8864-4503-8b51-ffd2b23980f2": {
    "schedule_id": "eb8500f7-8864-4503-8b51-ffd2b23980f2",
    "name": "复习",
    "start_time": "2025-06-05T10:00:00",
    "end_time": "2025-06-05T11:00:00",
    "content": "英语复习 10:00-11:00",
    "recurrence_type": "none",
    "recurrence_interval": 1,
    "recurrence_end_date": null,
    "recurrence_count": null,
    "completed": false
  },
  "ea92e58e-0997-4833-8dd3-071c9bea2768": {
    "schedule_id": "ea92e58e-0997-4833-8dd3-071c9bea2768",
    "name": "复习",
    "start_time": "2025-06-05T11:00:00",
    "end_time": "2025-06-05T12:00:00",
    "content": "英语考试复习 11:00-12:00",
    "recurrence_type": "none",
    "recurrence_interval": 1,
    "recurrence_end_date": null,
    "recurrence_count": null,
    "completed": false
  },
  "58aaf5f3-94bd-42c7-9c9b-2afe6d64e25e": {
    "schedule_id": "58aaf5f3-94bd-42c7-9c9b-2afe6d64e25e",
    "name": "复习",
    "start_time": "2025-06-07T09:00:00",
    "end_time": "2025-06-07T10:00:00",
    "content": "物理考试复习 09:00-10:00",
    "recurrence_type": "none",
    "recurrence_interval": 1,
    "recurrence_end_date": null,
    "recurrence_count": null,
    "completed": false
  },
  "c487a7a3-044f-4825-92f4-47ecd86eb720": {
    "schedule_id": "c487a7a3-044f-4825-92f4-47ecd86eb720",
    "name": "复习",
    "start_time": "2025-06-07T10:00:00",
    "end_time": "2025-06-07T11:00:00",
    "content": "英语复习 10:00-11:00",
    "recurrence_type": "none",
    "recurrence_interval": 1,
    "recurrence_end_date": null,
    "recurrence_count": null,
    "completed": false
  },
  "81e7d50c-d3de-42d9-aa6e-971ff791e402": {
    "schedule_id": "81e7d50c-d3de-42d9-aa6e-971ff791e402",
    "name": "复习",
    "start_time": "2025-06-07T11:00:00",
    "end_time": "2025-06-07T12:00:00",
    "content": "英语考试复习 11:00-12:00",
    "recurrence_type": "none",
    "recurrence_interval": 1,
    "recurrence_end_date": null,
    "recurrence_count": null,
    "completed": false
  },
  "b7cf4054-d402-441e-be93-e6fc2c569e73": {
    "schedule_id": "b7cf4054-d402-441e-be93-e6fc2c569e73",
    "name": "复习",
    "start_time": "2025-06-02T08:00:00",
    "end_time": "2025-06-02T09:00:00",
    "content": "物理考试复习 08:00-09:00",
    "recurrence_type": "none",
    "recurrence_interval": 1,
    "recurrence_end_date": null,
    "recurrence_count": null,
    "completed": false
  },
  "5f59026a-3b28-42a0-b165-8a1dd91c07eb": {
    "schedule_id": "5f59026a-3b28-42a0-b165-8a1dd91c07eb",
    "name": "复习",
    "start_time": "2025-06-04T08:00:00",
    "end_time": "2025-06-04T09:00:00",
    "content": "英语考试复习 08:00-09:00",
    "recurrence_type": "none",
    "recurrence_interval": 1,
    "recurrence_end_date": null,
    "recurrence_count": null,
    "completed": false
  },
  "f67a596a-7be3-4602-a651-9715a0baccde": {
    "schedule_id": "f67a596a-7be3-4602-a651-9715a0baccde",
    "name": "学",
    "start_time": "2025-06-05T08:00:00",
    "end_time": "2025-06-05T09:00:00",
    "content": "数学 08:00-09:00",
    "recurrence_type": "none",
    "recurrence_interval": 1,
    "recurrence_end_date": null,
    "recurrence_count": null,
    "completed": false
  },
  "881badd8-ddc7-401a-9835-20bca119310f": {
    "schedule_id": "881badd8-ddc7-401a-9835-20bca119310f",
    "name": "学",
    "start_time": "2025-06-05T12:00:00",
    "end_time": "2025-06-05T13:00:00",
    "content": "数学考试复习 12:00-13:00",
    "recurrence_type": "none",
    "recurrence_interval": 1,
    "recurrence_end_date": null,
    "recurrence_count": null,
    "completed": false
  },
  "a4a90e2b-4311-484d-a40c-9ee886ac8bdb": {
    "schedule_id": "a4a90e2b-4311-484d-a40c-9ee886ac8bdb",
    "name": "复习",
    "start_time": "2025-06-02T09:00:00",
    "end_time": "2025-06-02T10:00:00",
    "content": "物理考试复习 09:00-10:00",
    "recurrence_type": "none",
    "recurrence_interval": 1,
    "recurrence_end_date": null,
    "recurrence_count": null,
    "completed": false
  },
  "c69f90bc-a7f3-4d61-b127-ec0df8df5972": {
    "schedule_id": "c69f90bc-a7f3-4d61-b127-ec0df8df5972",
    "name": "复习",
    "start_time": "2025-06-04T09:00:00",
    "end_time": "2025-06-04T10:00:00",
    "content": "英语考试复习 09:00-10:00",
    "recurrence_type": "none",
    "recurrence_interval": 1,
    "recurrence_end_date": null,
    "recurrence_count": null,
    "completed": false
  },
  "c29d2f1f-1084-4368-8f2b-c1da2604c127": {
    "schedule_id": "c29d2f1f-1084-4368-8f2b-c1da2604c127",
    "name": "学",
    "start_time": "2025-06-05T13:00:00",
    "end_time": "2025-06-05T14:00:00",
    "content": "数学 13:00-14:00",
    "recurrence_type": "none",
    "recurrence_interval": 1,
    "recurrence_end_date": null,
    "recurrence_count": null,
    "completed": false
  },
  "bcf01bc5-dac9-4693-9b61-911b2e24010d": {
    "schedule_id": "bcf01bc5-dac9-4693-9b61-911b2e24010d",
    "name": "学",
    "start_time": "2025-06-07T08:00:00",
    "end_time": "2025-06-07T09:00:00",
    "content": "数学复习 08:00-09:00",
    "recurrence_type": "none",
    "recurrence_interval": 1,
    "recurrence_end_date": null,
    "recurrence_count": null,
    "completed": false
  },
  "4580a895-1c3c-4ab4-b40d-34307f58e4ea": {
    "schedule_id": "4580a895-1c3c-4ab4-b40d-34307f58e4ea",
    "name": "复习",
    "start_time": "2025-06-02T10:00:00",
    "end_time": "2025-06-02T11:00:00",
    "content": "物理考试复习 10:00-11:00",
    "recurrence_type": "none",
    "recurrence_interval": 1,
    "recurrence_end_date": null,
    "recurrence_count": null,
    "completed": false
  },
  "0a1dda5b-0dba-4995-824e-57acb120bef4": {
    "schedule_id": "0a1dda5b-0dba-4995-824e-57acb120bef4",
    "name": "复习",
    "start_time": "2025-06-03T08:00:00",
    "end_time": "2025-06-03T09:00:00",
    "content": "英语复习 08:00-09:00",
    "recurrence_type": "none",
    "recurrence_interval": 1,
    "recurrence_end_date": null,
    "recurrence_count": null,
    "completed": false
  },
  "2efdfb26-9766-40b0-99a6-0117e47dbac5": {
    "schedule_id": "2efdfb26-9766-40b0-99a6-0117e47dbac5",
    "name": "复习",
    "start_time": "2025-06-04T10:00:00",
    "end_time": "2025-06-04T11:00:00",
    "content": "英语考试复习 10:00-11:00",
    "recurrence_type": "none",
    "recurrence_interval": 1,
    "recurrence_end_date": null,
    "recurrence_count": null,
    "completed": false
  },
  "95be3a30-e7cf-497c-afb7-1f06fa99372b": {
    "schedule_id": "95be3a30-e7cf-497c-afb7-1f06fa99372b",
    "name": "学",
    "start_time": "2025-06-05T14:00:00",
    "end_time": "2025-06-05T15:00:00",
    "content": "数学 14:00-15:00",
    "recurrence_type": "none",
    "recurrence_interval": 1,
    "recurrence_end_date": null,
    "recurrence_count": null,
    "completed": false
  },
  "fa97fe84-8ff9-4d2c-a07a-fad85984f55f": {
    "schedule_id": "fa97fe84-8ff9-4d2c-a07a-fad85984f55f",
    "name": "学",
    "start_time": "2025-06-06T08:00:00",
    "end_time": "2025-06-06T09:00:00",
    "content": "数学考试复习 08:00-09:00",
    "recurrence_type": "none",
    "recurrence_interval": 1,
    "recurrence_end_date": null,
    "recurrence_count": null,
    "completed": false
  },
  "790cd8ee-41d9-4a6d-bfdd-55ed236177b9": {
    "schedule_id": "790cd8ee-41d9-4a6d-bfdd-55ed236177b9",
    "name": "学",
    "start_time": "2025-06-07T12:00:00",
    "end_time": "2025-06-07T13:00:00",
    "content": "数学复习 12:00-13:00",
    "recurrence_type": "none",
    "recurrence_interval": 1,
    "recurrence_end_date": null,
    "recurrence_count": null,
    "completed": false
  },
  "f5807199-21a2-411e-abdb-be101499fa0c": {
    "schedule_id": "f5807199-21a2-411e-abdb-be101499fa0c",
    "name": "复习",
    "start_time": "2025-06-02T11:00:00",
    "end_time": "2025-06-02T12:00:00",
    "content": "物理考试复习 11:00-12:00",
    "recurrence_type": "none",
    "recurrence_interval": 1,
    "recurrence_end_date": null,
    "recurrence_count": null,
    "completed": false
  },
  "9637fca9-3ee6-4401-a1b1-5b40b88a0130": {
    "schedule_id": "9637fca9-3ee6-4401-a1b1-5b40b88a0130",
    "name": "复习",
    "start_time": "2025-06-03T09:00:00",
    "end_time": "2025-06-03T10:00:00",
    "content": "英语复习 09:00-10:00",
    "recurrence_type": "none",
    "recurrence_interval": 1,
    "recurrence_end_date": null,
    "recurrence_count": null,
    "completed": false
  },
  "8a5bd6ca-b781-487c-b2f6-d1074aafffe0": {
    "schedule_id": "8a5bd6ca-b781-487c-b2f6-d1074aafffe0",
    "name": "复习",
    "start_time": "2025-06-04T11:00:00",
    "end_time": "2025-06-04T12:00:00",
    "content": "英语考试复习 11:00-12:00",
    "recurrence_type": "none",
    "recurrence_interval": 1,
    "recurrence_end_date": null,
    "recurrence_count": null,
    "completed": false
  },
  "c89a8a9d-3cb6-4636-85da-1e753eb6e80f": {
    "schedule_id": "c89a8a9d-3cb6-4636-85da-1e753eb6e80f",
    "name": "学",
    "start_time": "2025-06-05T15:00:00",
    "end_time": "2025-06-05T16:00:00",
    "content": "数学 15:00-16:00",
    "recurrence_type": "none",
    "recurrence_interval": 1,
    "recurrence_end_date": null,
    "recurrence_count": null,
    "completed": false
  },
  "9278f2c4-a52a-4a70-981a-63161bd3fbf5": {
    "schedule_id": "9278f2c4-a52a-4a70-981a-63161bd3fbf5",
    "name": "学",
    "start_time": "2025-06-06T09:00:00",
    "end_time": "2025-06-06T10:00:00",
    "content": "数学考试复习 09:00-10:00",
    "recurrence_type": "none",
    "recurrence_interval": 1,
    "recurrence_end_date": null,
    "recurrence_count": null,
    "completed": false
  },
  "d6182ffd-ae40-4cb1-a7e5-f2b1f0fa1ae5": {
    "schedule_id": "d6182ffd-ae40-4cb1-a7e5-f2b1f0fa1ae5",
    "name": "学",
    "start_time": "2025-06-07T13:00:00",
    "end_time": "2025-06-07T14:00:00",
    "content": "数学复习 13:00-14:00",
    "recurrence_type": "none",
    "recurrence_interval": 1,
    "recurrence_end_date": null,
    "recurrence_count": null,
    "completed": false
  }
}